<?xml version="1.0" encoding="utf-8"?>
<!DOCTYPE hibernate-configuration SYSTEM "http://www.hibernate.org/dtd/hibernate-configuration-3.0.dtd">

<hibernate-configuration>
	<session-factory>
		  <!-- Database connection settings -->
        <property name="connection.driver_class">org.postgresql.Driver</property>
        <property name="connection.url">jdbc:postgresql://localhost:5432/corsoAcademy</property>
        <property name="connection.username">postgres</property>
        <property name="connection.password">1234</property>

        <!-- JDBC connection pool (use the built-in) -->
        <property name="connection.pool_size">1</property>

        <!-- SQL dialect -->
        <property name="hibernate.dialect">org.hibernate.dialect.PostgreSQLDialect</property>

        <!-- Enable Hibernate's automatic session context management -->
        <property name="current_session_context_class">thread</property>

        <!-- Disable the second-level cache  -->
        <property name="cache.provider_class">org.hibernate.cache.internal.NoCacheProvider</property>

        <!-- Echo all executed SQL to stdout -->
        <property name="show_sql">true</property>

		<!--********************* AUTO CREATE DB TABLES ******************************** -->
		<property name="hibernate.hbm2ddl.auto">update</property>

		<!-- MAPPING delle RISORSE -->
		<mapping class="model.entity.Docente" />
		<mapping class ="model.entity.Aula" />
		<mapping class ="model.entity.Discente" />	
		<mapping class="model.entity.Corso"/>

	</session-factory>
</hibernate-configuration>